{"cameraMode":{"drawMode":0,"name":"Shaded","section":"Shading Mode"},"sceneLighting":false,"audioPlay":false,"sceneViewState":{"m_AlwaysRefresh":false,"showFog":true,"showSkybox":false,"showFlares":true,"showImageEffects":true,"showParticleSystems":true,"showVisualEffectGraphs":true,"m_FxEnabled":true},"in2DMode":false,"pivot":{"x":-2.1179850101470949,"y":4.433915138244629,"z":0.039945125579833987},"rotation":{"x":-0.03348947688937187,"y":-0.8544254899024963,"z":0.05370532348752022,"w":-0.5163976550102234},"size":5.848659515380859,"orthographic":false}