{"cameraMode":{"drawMode":0,"name":"Shaded","section":"Shading Mode"},"sceneLighting":false,"audioPlay":false,"sceneViewState":{"m_AlwaysRefresh":false,"showFog":true,"showSkybox":false,"showFlares":true,"showImageEffects":true,"showParticleSystems":true,"showVisualEffectGraphs":true,"m_FxEnabled":true},"in2DMode":false,"pivot":{"x":150.17999267578126,"y":3.5999999046325685,"z":43.16999816894531},"rotation":{"x":0.08556389808654785,"y":-0.040803950279951099,"z":0.005066846031695604,"w":0.995483934879303},"size":25.024234771728517,"orthographic":false}