{"cameraMode":{"drawMode":0,"name":"Shaded","section":"Shading Mode"},"sceneLighting":false,"audioPlay":false,"sceneViewState":{"m_AlwaysRefresh":false,"showFog":true,"showSkybox":false,"showFlares":true,"showImageEffects":true,"showParticleSystems":true,"showVisualEffectGraphs":true,"m_FxEnabled":true},"in2DMode":false,"pivot":{"x":-5.790013313293457,"y":18.520000457763673,"z":-9.099998474121094},"rotation":{"x":-0.027210013940930368,"y":0.04463771730661392,"z":-0.0028880247846245767,"w":-0.9990386366844177},"size":58.073123931884769,"orthographic":false}