{"cameraMode":{"drawMode":0,"name":"Shaded","section":"Shading Mode"},"sceneLighting":false,"audioPlay":false,"sceneViewState":{"m_AlwaysRefresh":false,"showFog":true,"showSkybox":false,"showFlares":true,"showImageEffects":true,"showParticleSystems":true,"showVisualEffectGraphs":true,"m_FxEnabled":true},"in2DMode":false,"pivot":{"x":10.5783052444458,"y":4.562848091125488,"z":-13.94382095336914},"rotation":{"x":-0.027210013940930368,"y":0.04463771730661392,"z":-0.0028880247846245767,"w":-0.9990386366844177},"size":1.2319483757019044,"orthographic":false}