{"cameraMode":{"drawMode":0,"name":"Shaded","section":"Shading Mode"},"sceneLighting":false,"audioPlay":false,"sceneViewState":{"m_AlwaysRefresh":false,"showFog":true,"showSkybox":false,"showFlares":true,"showImageEffects":true,"showParticleSystems":true,"showVisualEffectGraphs":true,"m_FxEnabled":true},"in2DMode":false,"pivot":{"x":26.869014739990236,"y":4.827152252197266,"z":8.537863731384278},"rotation":{"x":-0.027210013940930368,"y":0.04463771730661392,"z":-0.0028880247846245767,"w":-0.9990386366844177},"size":1.1902787685394288,"orthographic":false}